Unnamed: 0,Unnamed: 0.1,Country,HappinessRank,HappinessScore,Whiskerhigh,Whiskerlow,EconomyGDPperCapita,Family,HealthLifeExpectancy,Freedom,Generosity,TrustGovernmentCorruption,DystopiaResidual,country_id,Latitude,Longitude,Predicted Outcome,Family_X,Family_y,Health_X,Health_y,Econ_X,Econ_y,TrustGovt_X,TrustGovt_y,Freedom_X,Freedom_y,Dystopia_X,Dystopia_y
0,0,Norway,1,7.537000179,7.594444821000001,7.479555538,1.616463184,1.53352356,0.796666503,0.635422587,0.362012237,0.315963835,2.277026653,109,60.472024,8.468946,Happier Than Average,7.537000179,1.53352356,7.537000179,0.796666503,7.537000179,1.616463184,7.537000179,0.315963835,7.537000179,0.635422587,7.537000179,2.277026653
1,1,Denmark,2,7.521999836,7.581728065,7.462271607000001,1.4823830130000002,1.5511215930000002,0.792565525,0.6260067220000001,0.355280489,0.400770068,2.3137073519999998,39,56.26392,9.501785,Happier Than Average,7.521999836,1.5511215930000002,7.521999836,0.792565525,7.521999836,1.4823830130000002,7.521999836,0.400770068,7.521999836,0.6260067220000001,7.521999836,2.3137073519999998
2,2,Iceland,3,7.504000187000001,7.622030473,7.385969901,1.48063302,1.6105740069999999,0.8335521220000001,0.627162635,0.47554022100000004,0.153526559,2.322715282,61,64.96305100000001,-19.020835,Happier Than Average,7.504000187000001,1.6105740069999999,7.504000187000001,0.8335521220000001,7.504000187000001,1.48063302,7.504000187000001,0.153526559,7.504000187000001,0.627162635,7.504000187000001,2.322715282
3,3,Switzerland,4,7.493999958,7.56177242,7.426227496,1.5649795530000001,1.516911745,0.858131289,0.620070577,0.290549278,0.367007285,2.276716232,143,46.818188,8.227511999999999,Happier Than Average,7.493999958,1.516911745,7.493999958,0.858131289,7.493999958,1.5649795530000001,7.493999958,0.367007285,7.493999958,0.620070577,7.493999958,2.276716232
4,4,Finland,5,7.468999863,7.5275420760000005,7.41045765,1.443571925,1.540246725,0.80915767,0.6179508570000001,0.24548277300000002,0.38261154299999994,2.430181503,47,61.92411,25.7481511,Happier Than Average,7.468999863,1.540246725,7.468999863,0.80915767,7.468999863,1.443571925,7.468999863,0.38261154299999994,7.468999863,0.6179508570000001,7.468999863,2.430181503
5,5,Netherlands,6,7.376999855,7.427425841,7.326573869,1.503944635,1.4289392230000002,0.810696125,0.585384488,0.47048983,0.282661825,2.294804096,103,52.132633,5.291266,Happier Than Average,7.376999855,1.4289392230000002,7.376999855,0.810696125,7.376999855,1.503944635,7.376999855,0.282661825,7.376999855,0.585384488,7.376999855,2.294804096
6,6,Canada,7,7.315999985,7.384402835,7.247597133999999,1.479204416,1.481348991,0.834557652,0.611100912,0.435539722,0.287371516,2.187264442,26,56.130366,-106.34677099999999,Happier Than Average,7.315999985,1.481348991,7.315999985,0.834557652,7.315999985,1.479204416,7.315999985,0.287371516,7.315999985,0.611100912,7.315999985,2.187264442
7,7,New Zealand,8,7.31400013,7.379510442000001,7.2484898179999995,1.405706048,1.548195124,0.8167597059999999,0.61406213,0.500005126,0.382816702,2.046456337,104,-40.900557,174.88597099999998,Happier Than Average,7.31400013,1.548195124,7.31400013,0.8167597059999999,7.31400013,1.405706048,7.31400013,0.382816702,7.31400013,0.61406213,7.31400013,2.046456337
8,8,Sweden,9,7.28399992,7.344094877000001,7.223904962000001,1.494387269,1.478162169,0.830875158,0.612924099,0.385399252,0.384398729,2.097537994,142,60.128161,18.643501,Happier Than Average,7.28399992,1.478162169,7.28399992,0.830875158,7.28399992,1.494387269,7.28399992,0.384398729,7.28399992,0.612924099,7.28399992,2.097537994
9,9,Australia,10,7.28399992,7.356651225,7.211348615,1.484414935,1.510041952,0.843886793,0.6016073820000001,0.47769925,0.30118373,2.0652108190000003,7,-25.274398,133.775136,Happier Than Average,7.28399992,1.510041952,7.28399992,0.843886793,7.28399992,1.484414935,7.28399992,0.30118373,7.28399992,0.6016073820000001,7.28399992,2.0652108190000003
10,10,Israel,11,7.212999821,7.279853256,7.146146385,1.375382423,1.3762899640000001,0.838404,0.405988604,0.330082655,0.0852421,2.801757336,67,31.046051000000002,34.851612,Happier Than Average,7.212999821,1.3762899640000001,7.212999821,0.838404,7.212999821,1.375382423,7.212999821,0.0852421,7.212999821,0.405988604,7.212999821,2.801757336
11,11,Costa Rica,12,7.078999996,7.168111666000001,6.989888326,1.109706283,1.416403651,0.759509265,0.58013165,0.214613229,0.10010658900000001,2.898639202,35,9.748917,-83.753428,Happier Than Average,7.078999996,1.416403651,7.078999996,0.759509265,7.078999996,1.109706283,7.078999996,0.10010658900000001,7.078999996,0.58013165,7.078999996,2.898639202
12,12,Austria,13,7.006000042,7.070669812,6.941330272,1.4870972630000001,1.459944963,0.8153284190000001,0.56776619,0.316472322,0.221060365,2.138506413,8,47.516231,14.550072,Happier Than Average,7.006000042,1.459944963,7.006000042,0.8153284190000001,7.006000042,1.4870972630000001,7.006000042,0.221060365,7.006000042,0.56776619,7.006000042,2.138506413
13,13,United States,14,6.993000031,7.074656748,6.911343313,1.546259284,1.419920564,0.7742866279999999,0.5057405229999999,0.392578781,0.135638788,2.218113422,159,37.09024,-95.712891,Happier Than Average,6.993000031,1.419920564,6.993000031,0.7742866279999999,6.993000031,1.546259284,6.993000031,0.135638788,6.993000031,0.5057405229999999,6.993000031,2.218113422
14,14,Ireland,15,6.977000237,7.043351668,6.910648805,1.535706639,1.558231115,0.809782624,0.573110342,0.427858323,0.298388153,1.7738690380000002,66,53.1423672,-7.6920535999999995,Happier Than Average,6.977000237,1.558231115,6.977000237,0.809782624,6.977000237,1.535706639,6.977000237,0.298388153,6.977000237,0.573110342,6.977000237,1.7738690380000002
15,15,Germany,16,6.951000214,7.005381569,6.896618857999999,1.4879233840000001,1.472520351,0.798950732,0.562511384,0.33626917,0.276731938,2.015769958,51,51.165690999999995,10.451526,Happier Than Average,6.951000214,1.472520351,6.951000214,0.798950732,6.951000214,1.4879233840000001,6.951000214,0.276731938,6.951000214,0.562511384,6.951000214,2.015769958
16,16,Belgium,17,6.890999794,6.95582075,6.826178838,1.463780761,1.462312698,0.8180918690000001,0.539770722,0.231503338,0.251343131,2.124210358,13,50.503887,4.469936,Happier Than Average,6.890999794,1.462312698,6.890999794,0.8180918690000001,6.890999794,1.463780761,6.890999794,0.251343131,6.890999794,0.539770722,6.890999794,2.124210358
17,17,Luxembourg,18,6.862999916000001,6.923686099999999,6.802313732000001,1.7419435980000002,1.457583666,0.845089495,0.596627891,0.28318098199999997,0.318834424,1.6195120809999999,85,49.815273,6.129583,Happier Than Average,6.862999916000001,1.457583666,6.862999916000001,0.845089495,6.862999916000001,1.7419435980000002,6.862999916000001,0.318834424,6.862999916000001,0.596627891,6.862999916000001,1.6195120809999999
18,18,United Kingdom,19,6.714000225,6.783791761,6.644208689,1.44163394,1.49646008,0.8053359390000001,0.508190036,0.492774159,0.265428066,1.704143524,158,55.378051,-3.435973,Happier Than Average,6.714000225,1.49646008,6.714000225,0.8053359390000001,6.714000225,1.44163394,6.714000225,0.265428066,6.714000225,0.508190036,6.714000225,1.704143524
19,19,Chile,20,6.65199995,6.73925056,6.564749341000001,1.25278461,1.2840249540000002,0.819479704,0.37689527899999997,0.32666242100000004,0.082287982,2.509585857,29,-35.675146999999996,-71.542969,Happier Than Average,6.65199995,1.2840249540000002,6.65199995,0.819479704,6.65199995,1.25278461,6.65199995,0.082287982,6.65199995,0.37689527899999997,6.65199995,2.509585857
20,20,United Arab Emirates,21,6.647999763,6.722047304,6.573952222999999,1.626343369,1.2664102320000001,0.7267982359999999,0.60834527,0.36094194700000004,0.324489564,1.734703541,157,23.424076,53.847818000000004,Happier Than Average,6.647999763,1.2664102320000001,6.647999763,0.7267982359999999,6.647999763,1.626343369,6.647999763,0.324489564,6.647999763,0.60834527,6.647999763,1.734703541
21,21,Brazil,22,6.635000229,6.725469502,6.544530956,1.10735321,1.431306005,0.616552353,0.437453747,0.162349895,0.111092761,2.769267082,20,-14.235004,-51.92528,Happier Than Average,6.635000229,1.431306005,6.635000229,0.616552353,6.635000229,1.10735321,6.635000229,0.111092761,6.635000229,0.437453747,6.635000229,2.769267082
22,22,Czech Republic,23,6.609000206,6.683862463,6.534137949,1.352682352,1.4338852169999998,0.7544440029999999,0.49094617399999996,0.088106759,0.036872927,2.451861858,38,49.817492,15.472961999999999,Happier Than Average,6.609000206,1.4338852169999998,6.609000206,0.7544440029999999,6.609000206,1.352682352,6.609000206,0.036872927,6.609000206,0.49094617399999996,6.609000206,2.451861858
23,23,Argentina,24,6.598999977,6.690085086,6.507914867999999,1.1852954629999999,1.440451145,0.6951370840000001,0.494519204,0.109457061,0.059739888,2.614005327,5,-38.416097,-63.616671999999994,Happier Than Average,6.598999977,1.440451145,6.598999977,0.6951370840000001,6.598999977,1.1852954629999999,6.598999977,0.059739888,6.598999977,0.494519204,6.598999977,2.614005327
24,24,Mexico,25,6.578000069,6.671148907999999,6.48485123,1.153183818,1.21086216,0.709978998,0.412730008,0.12099043300000001,0.132774115,2.837154865,94,23.634501,-102.552784,Happier Than Average,6.578000069,1.21086216,6.578000069,0.709978998,6.578000069,1.153183818,6.578000069,0.132774115,6.578000069,0.412730008,6.578000069,2.837154865
25,25,Singapore,26,6.5720000270000005,6.636723068999999,6.507276984,1.69227767,1.3538143630000001,0.949492395,0.549840569,0.34596598100000003,0.464307785,1.2163620000000002,128,1.352083,103.819836,Happier Than Average,6.5720000270000005,1.3538143630000001,6.5720000270000005,0.949492395,6.5720000270000005,1.69227767,6.5720000270000005,0.464307785,6.5720000270000005,0.549840569,6.5720000270000005,1.2163620000000002
26,26,Malta,27,6.52699995,6.598396772999999,6.455603128,1.343279839,1.488411665,0.8219442370000001,0.588767052,0.574730575,0.153066069,1.556862831,91,35.937496,14.375416,Happier Than Average,6.52699995,1.488411665,6.52699995,0.8219442370000001,6.52699995,1.343279839,6.52699995,0.153066069,6.52699995,0.588767052,6.52699995,1.556862831
27,27,Uruguay,28,6.453999996,6.545906218,6.362093775,1.217559695,1.412227869,0.7192168240000001,0.5793922539999999,0.17509692899999998,0.178061873,2.1724095340000003,160,-32.522779,-55.765834999999996,Happier Than Average,6.453999996,1.412227869,6.453999996,0.7192168240000001,6.453999996,1.217559695,6.453999996,0.178061873,6.453999996,0.5793922539999999,6.453999996,2.1724095340000003
28,28,Guatemala,29,6.453999996,6.566873973,6.34112602,0.8720019459999999,1.255585194,0.54023999,0.531310618,0.283488393,0.077223279,2.8938910960000004,54,15.783470999999999,-90.23075899999999,Happier Than Average,6.453999996,1.255585194,6.453999996,0.54023999,6.453999996,0.8720019459999999,6.453999996,0.077223279,6.453999996,0.531310618,6.453999996,2.8938910960000004
29,29,Panama,30,6.452000141,6.5571307160000005,6.3468695660000005,1.233748436,1.373192549,0.706156135,0.550026834,0.210556939,0.070983924,2.307199955,113,8.537981,-80.782127,Happier Than Average,6.452000141,1.373192549,6.452000141,0.706156135,6.452000141,1.233748436,6.452000141,0.070983924,6.452000141,0.550026834,6.452000141,2.307199955
30,30,France,31,6.441999912000001,6.515767802,6.368232022000001,1.430923462,1.3877768519999998,0.844465852,0.470222116,0.129762307,0.172502428,2.0059547419999997,48,46.227638,2.213749,Happier Than Average,6.441999912000001,1.3877768519999998,6.441999912000001,0.844465852,6.441999912000001,1.430923462,6.441999912000001,0.172502428,6.441999912000001,0.470222116,6.441999912000001,2.0059547419999997
31,31,Thailand,32,6.423999786,6.509116856,6.338882717000001,1.127868772,1.425792456,0.647239029,0.580200732,0.57212311,0.031612735,2.039508343,149,15.870032,100.992541,Happier Than Average,6.423999786,1.425792456,6.423999786,0.647239029,6.423999786,1.127868772,6.423999786,0.031612735,6.423999786,0.580200732,6.423999786,2.039508343
32,32,Taiwan Province of China,33,6.421999931,6.4945960220000005,6.349403841,1.4336265330000002,1.3845653530000002,0.7939842340000001,0.361466587,0.258360475,0.063829236,2.1266074180000003,146,22.6158015,120.71200230000001,Happier Than Average,6.421999931,1.3845653530000002,6.421999931,0.7939842340000001,6.421999931,1.4336265330000002,6.421999931,0.063829236,6.421999931,0.361466587,6.421999931,2.1266074180000003
33,33,Spain,34,6.402999877999999,6.471054845,6.334944911,1.384397864,1.532090902,0.8889606,0.40878123,0.190133572,0.070914097,1.92775774,137,40.463667,-3.7492199999999998,Happier Than Average,6.402999877999999,1.532090902,6.402999877999999,0.8889606,6.402999877999999,1.384397864,6.402999877999999,0.070914097,6.402999877999999,0.40878123,6.402999877999999,1.92775774
34,34,Qatar,35,6.375,6.568476813999999,6.181523186000001,1.870765686,1.27429688,0.710098088,0.604130983,0.33047387,0.439299256,1.14546442,120,25.354826,51.183884,Happier Than Average,6.375,1.27429688,6.375,0.710098088,6.375,1.870765686,6.375,0.439299256,6.375,0.604130983,6.375,1.14546442
35,35,Colombia,36,6.3569998739999996,6.452020054,6.261979694,1.070622325,1.4021829369999999,0.5950279239999999,0.477487415,0.149014473,0.046668742,2.616068125,31,4.570868,-74.297333,Happier Than Average,6.3569998739999996,1.4021829369999999,6.3569998739999996,0.5950279239999999,6.3569998739999996,1.070622325,6.3569998739999996,0.046668742,6.3569998739999996,0.477487415,6.3569998739999996,2.616068125
36,36,Saudi Arabia,37,6.343999863,6.444166612,6.243833112999999,1.530623555,1.2866775990000001,0.59014833,0.449750572,0.14761601400000002,0.273432255,2.065429688,124,23.885942,45.079162,Happier Than Average,6.343999863,1.2866775990000001,6.343999863,0.59014833,6.343999863,1.530623555,6.343999863,0.273432255,6.343999863,0.449750572,6.343999863,2.065429688
37,37,Trinidad and Tobago,38,6.168000221000001,6.381533891,5.954466552,1.361355901,1.380228519,0.519983292,0.518630743,0.325296462,0.008964816,2.053247452,151,10.691803,-61.222503,Happier Than Average,6.168000221000001,1.380228519,6.168000221000001,0.519983292,6.168000221000001,1.361355901,6.168000221000001,0.008964816,6.168000221000001,0.518630743,6.168000221000001,2.053247452
38,38,Kuwait,39,6.105000018999999,6.1919569889999995,6.018043049,1.6329524519999998,1.259698749,0.632105708,0.49633759299999997,0.22828979800000002,0.21515955,1.640425205,76,29.311659999999996,47.481766,Happier Than Average,6.105000018999999,1.259698749,6.105000018999999,0.632105708,6.105000018999999,1.6329524519999998,6.105000018999999,0.21515955,6.105000018999999,0.49633759299999997,6.105000018999999,1.640425205
39,39,Slovakia,40,6.09800005,6.177348412000001,6.018651687,1.325393558,1.505059242,0.7127329109999999,0.295817465,0.136544481,0.024210852,2.0977766509999998,129,48.669026,19.699023999999998,Happier Than Average,6.09800005,1.505059242,6.09800005,0.7127329109999999,6.09800005,1.325393558,6.09800005,0.024210852,6.09800005,0.295817465,6.09800005,2.0977766509999998
40,40,Bahrain,41,6.086999893,6.178989068,5.995010719,1.488412261,1.323110461,0.653133035,0.5367469189999999,0.17266848699999998,0.25704217,1.656149387,10,26.0667,50.5577,Happier Than Average,6.086999893,1.323110461,6.086999893,0.653133035,6.086999893,1.488412261,6.086999893,0.25704217,6.086999893,0.5367469189999999,6.086999893,1.656149387
41,41,Malaysia,42,6.084000111,6.179979637000001,5.988020585,1.29121542,1.284646034,0.618784428,0.40226498200000005,0.41660893,0.065600708,2.004448891,89,4.210483999999999,101.97576600000001,Happier Than Average,6.084000111,1.284646034,6.084000111,0.618784428,6.084000111,1.29121542,6.084000111,0.065600708,6.084000111,0.40226498200000005,6.084000111,2.004448891
42,42,Nicaragua,43,6.071000099,6.1865836,5.955416597999999,0.737299204,1.28721571,0.653095961,0.447551847,0.30167421699999997,0.13068798199999998,2.513930559,105,12.865416,-85.207229,Happier Than Average,6.071000099,1.28721571,6.071000099,0.653095961,6.071000099,0.737299204,6.071000099,0.13068798199999998,6.071000099,0.447551847,6.071000099,2.513930559
43,43,Ecuador,44,6.007999897,6.105847675,5.910152119,1.0008203979999999,1.286168814,0.6856362220000001,0.45519819899999997,0.150112465,0.140134647,2.290352583,42,-1.8312389999999998,-78.183406,Happier Than Average,6.007999897,1.286168814,6.007999897,0.6856362220000001,6.007999897,1.0008203979999999,6.007999897,0.140134647,6.007999897,0.45519819899999997,6.007999897,2.290352583
44,44,El Salvador,45,6.002999783,6.108635122000001,5.897364443,0.9097844959999999,1.182125092,0.596018553,0.43245253,0.078257985,0.08998096,2.714593887,44,13.794185,-88.89653,Happier Than Average,6.002999783,1.182125092,6.002999783,0.596018553,6.002999783,0.9097844959999999,6.002999783,0.08998096,6.002999783,0.43245253,6.002999783,2.714593887
45,45,Poland,46,5.97300005,6.0539083410000005,5.892091757999999,1.291787863,1.44571197,0.699475348,0.520342112,0.15846596699999999,0.059307806,1.7977228159999998,117,51.919438,19.145135999999997,Happier Than Average,5.97300005,1.44571197,5.97300005,0.699475348,5.97300005,1.291787863,5.97300005,0.059307806,5.97300005,0.520342112,5.97300005,1.7977228159999998
46,46,Uzbekistan,47,5.971000195,6.065537572999999,5.876462816,0.786441088,1.54896915,0.498272628,0.658248663,0.415983647,0.24652822300000002,1.816913605,161,41.377491,64.585262,Happier Than Average,5.971000195,1.54896915,5.971000195,0.498272628,5.971000195,0.786441088,5.971000195,0.24652822300000002,5.971000195,0.658248663,5.971000195,1.816913605
47,47,Italy,48,5.964000225,6.042736906,5.885263544,1.395066619,1.444923282,0.8531443479999999,0.256450713,0.17278964800000002,0.028028091,1.813312054,68,41.87194,12.56738,Happier Than Average,5.964000225,1.444923282,5.964000225,0.8531443479999999,5.964000225,1.395066619,5.964000225,0.028028091,5.964000225,0.256450713,5.964000225,1.813312054
48,48,Russia,49,5.962999821,6.030274907000001,5.895724734,1.2817780970000001,1.469282389,0.547349334,0.37378311200000003,0.052263822,0.032962881,2.205607414,122,61.52401,105.31875600000001,Happier Than Average,5.962999821,1.469282389,5.962999821,0.547349334,5.962999821,1.2817780970000001,5.962999821,0.032962881,5.962999821,0.37378311200000003,5.962999821,2.205607414
49,49,Belize,50,5.9559998510000005,6.197242318,5.714757385,0.9079753159999999,1.081417799,0.450191766,0.547509372,0.240015641,0.09658107199999999,2.631955624,14,17.189877,-88.49765,Happier Than Average,5.9559998510000005,1.081417799,5.9559998510000005,0.450191766,5.9559998510000005,0.9079753159999999,5.9559998510000005,0.09658107199999999,5.9559998510000005,0.547509372,5.9559998510000005,2.631955624
50,50,Japan,51,5.920000076,5.990719445,5.849280707999999,1.4169151780000002,1.436337829,0.9134758709999999,0.505625546,0.12057276800000001,0.163760737,1.363223553,71,36.204824,138.252924,Happier Than Average,5.920000076,1.436337829,5.920000076,0.9134758709999999,5.920000076,1.4169151780000002,5.920000076,0.163760737,5.920000076,0.505625546,5.920000076,1.363223553
51,51,Lithuania,52,5.90199995,5.982669641,5.821330259,1.314582348,1.4735161069999998,0.62894994,0.234231785,0.010164656999999999,0.011865643,2.228440523,84,55.169438,23.881275,Happier Than Average,5.90199995,1.4735161069999998,5.90199995,0.62894994,5.90199995,1.314582348,5.90199995,0.011865643,5.90199995,0.234231785,5.90199995,2.228440523
52,52,Algeria,53,5.872000217,5.978286434,5.765714001,1.091864467,1.146217465,0.6175846460000001,0.233335808,0.069436647,0.14609611,2.5676038269999997,3,28.033886,1.6596259999999998,Happier Than Average,5.872000217,1.146217465,5.872000217,0.6175846460000001,5.872000217,1.091864467,5.872000217,0.14609611,5.872000217,0.233335808,5.872000217,2.5676038269999997
53,53,Latvia,54,5.849999905,5.9202635379999995,5.779736271,1.260748625,1.4047149419999998,0.638566971,0.325707912,0.153074786,0.073842727,1.993655205,79,56.879635,24.603189,Happier Than Average,5.849999905,1.4047149419999998,5.849999905,0.638566971,5.849999905,1.260748625,5.849999905,0.073842727,5.849999905,0.325707912,5.849999905,1.993655205
54,54,South Korea,55,5.837999821,5.922559027999999,5.7534406129999995,1.4016784430000002,1.1282744409999999,0.9002140759999999,0.257921666,0.206674367,0.063282669,1.880378008,135,35.907757000000004,127.766922,Happier Than Average,5.837999821,1.1282744409999999,5.837999821,0.9002140759999999,5.837999821,1.4016784430000002,5.837999821,0.063282669,5.837999821,0.257921666,5.837999821,1.880378008
55,55,Moldova,56,5.837999821,5.908370838,5.767628802999999,0.72887063,1.251825571,0.589465201,0.24072904899999997,0.208779126,0.010091286,2.807808399,95,47.411631,28.369884999999996,Happier Than Average,5.837999821,1.251825571,5.837999821,0.589465201,5.837999821,0.72887063,5.837999821,0.010091286,5.837999821,0.24072904899999997,5.837999821,2.807808399
56,56,Romania,57,5.8249998089999995,5.919694157,5.7303054620000005,1.217683911,1.15009129,0.685158312,0.45700374200000005,0.13351991800000002,0.004387901,2.176831484,121,45.943160999999996,24.96676,Happier Than Average,5.8249998089999995,1.15009129,5.8249998089999995,0.685158312,5.8249998089999995,1.217683911,5.8249998089999995,0.004387901,5.8249998089999995,0.45700374200000005,5.8249998089999995,2.176831484
57,57,Bolivia,58,5.822999954,5.903976902999999,5.742023006,0.8337565659999999,1.227619052,0.47363025,0.558732927,0.225560725,0.060477725999999996,2.443279028,17,-16.290154,-63.588653,Happier Than Average,5.822999954,1.227619052,5.822999954,0.47363025,5.822999954,0.8337565659999999,5.822999954,0.060477725999999996,5.822999954,0.558732927,5.822999954,2.443279028
58,58,Turkmenistan,59,5.8220000270000005,5.885180876000001,5.7588191779999995,1.130776763,1.4931491609999998,0.43772608,0.418271929,0.24992498800000001,0.25927034,1.832909822,154,38.969719,59.556278000000006,Happier Than Average,5.8220000270000005,1.4931491609999998,5.8220000270000005,0.43772608,5.8220000270000005,1.130776763,5.8220000270000005,0.25927034,5.8220000270000005,0.418271929,5.8220000270000005,1.832909822
59,59,Kazakhstan,60,5.818999767,5.903641775,5.73435776,1.28455627,1.384369016,0.606041551,0.43745428299999994,0.201964423,0.11928288599999999,1.784892559,73,48.019573,66.923684,Happier Than Average,5.818999767,1.384369016,5.818999767,0.606041551,5.818999767,1.28455627,5.818999767,0.11928288599999999,5.818999767,0.43745428299999994,5.818999767,1.784892559
60,60,North Cyprus,61,5.809999942999999,5.897366465,5.722633421,1.346911311,1.186303377,0.834647238,0.471203625,0.266845703,0.155353352,1.549157619,108,35.2480359,33.6577243,Happier Than Average,5.809999942999999,1.186303377,5.809999942999999,0.834647238,5.809999942999999,1.346911311,5.809999942999999,0.155353352,5.809999942999999,0.471203625,5.809999942999999,1.549157619
61,61,Slovenia,62,5.757999897,5.84222516,5.673774634,1.341205955,1.452518821,0.790828228,0.572575808,0.242649093,0.04512897900000001,1.3133172990000002,130,46.151241,14.995463,Happier Than Average,5.757999897,1.452518821,5.757999897,0.790828228,5.757999897,1.341205955,5.757999897,0.04512897900000001,5.757999897,0.572575808,5.757999897,1.3133172990000002
62,62,Peru,63,5.715000152999999,5.8119467789999995,5.618053527000001,1.0352252720000001,1.218770385,0.6301661129999999,0.45000287899999997,0.126819715,0.047049087,2.20726943,115,-9.189967,-75.015152,Happier Than Average,5.715000152999999,1.218770385,5.715000152999999,0.6301661129999999,5.715000152999999,1.0352252720000001,5.715000152999999,0.047049087,5.715000152999999,0.45000287899999997,5.715000152999999,2.20726943
63,63,Mauritius,64,5.629000187000001,5.729862192000001,5.528138182,1.189395547,1.20956099,0.638007462,0.49124732600000004,0.360933751,0.042181555,1.697583914,93,-20.348404000000002,57.552152,Happier Than Average,5.629000187000001,1.20956099,5.629000187000001,0.638007462,5.629000187000001,1.189395547,5.629000187000001,0.042181555,5.629000187000001,0.49124732600000004,5.629000187000001,1.697583914
64,64,Cyprus,65,5.620999812999999,5.7146926989999995,5.527306927000001,1.3559380769999998,1.131363273,0.8447147009999999,0.355111539,0.27125430100000003,0.041237976,1.621249199,37,35.126413,33.429859,Happier Than Average,5.620999812999999,1.131363273,5.620999812999999,0.8447147009999999,5.620999812999999,1.3559380769999998,5.620999812999999,0.041237976,5.620999812999999,0.355111539,5.620999812999999,1.621249199
65,65,Estonia,66,5.611000061,5.688139874,5.533860248,1.32087934,1.4766711000000001,0.695168316,0.47913143,0.098890811,0.18324892199999998,1.357508659,45,58.595271999999994,25.0136071,Happier Than Average,5.611000061,1.4766711000000001,5.611000061,0.695168316,5.611000061,1.32087934,5.611000061,0.18324892199999998,5.611000061,0.47913143,5.611000061,1.357508659
66,66,Belarus,67,5.568999767,5.646114244,5.491885291,1.15655756,1.444945216,0.637714267,0.29540026199999997,0.155137509,0.156313822,1.723232985,12,53.709807,27.953389,Happier Than Average,5.568999767,1.444945216,5.568999767,0.637714267,5.568999767,1.15655756,5.568999767,0.156313822,5.568999767,0.29540026199999997,5.568999767,1.723232985
67,67,Libya,68,5.525000095,5.676953807,5.373046383999999,1.101803064,1.35756433,0.52016902,0.46573323,0.152073666,0.09261021,1.8350112440000002,83,26.3351,17.228331,Happier Than Average,5.525000095,1.35756433,5.525000095,0.52016902,5.525000095,1.101803064,5.525000095,0.09261021,5.525000095,0.46573323,5.525000095,1.8350112440000002
68,68,Turkey,69,5.5,5.594864962999999,5.405135037000001,1.1982743740000001,1.337753177,0.637605608,0.30074059999999997,0.046693042000000004,0.09967158,1.879277945,153,38.963745,35.243322,Happier Than Average,5.5,1.337753177,5.5,0.637605608,5.5,1.1982743740000001,5.5,0.09967158,5.5,0.30074059999999997,5.5,1.879277945
69,69,Paraguay,70,5.493000031,5.57738127,5.408618791,0.932537317,1.50728488,0.579250693,0.47350779200000004,0.224150658,0.09106591300000001,1.68533349,114,-23.442503,-58.44383199999999,Happier Than Average,5.493000031,1.50728488,5.493000031,0.579250693,5.493000031,0.932537317,5.493000031,0.09106591300000001,5.493000031,0.47350779200000004,5.493000031,1.68533349
70,70,"Hong Kong S.A.R., China",71,5.472000122000001,5.549594172999999,5.394406071000001,1.551674843,1.2627909179999999,0.943062425,0.490968645,0.374465793,0.29393374899999997,0.554633141,59,22.319303899999998,114.1693611,Happier Than Average,5.472000122000001,1.2627909179999999,5.472000122000001,0.943062425,5.472000122000001,1.551674843,5.472000122000001,0.29393374899999997,5.472000122000001,0.490968645,5.472000122000001,0.554633141
71,71,Philippines,72,5.429999828,5.545335054,5.314664602,0.857699215,1.253917575,0.468009055,0.5852146739999999,0.19351342300000002,0.099331893,1.9726047519999999,116,12.879721,121.77401699999999,Happier Than Average,5.429999828,1.253917575,5.429999828,0.468009055,5.429999828,0.857699215,5.429999828,0.099331893,5.429999828,0.5852146739999999,5.429999828,1.9726047519999999
72,72,Serbia,73,5.394999981000001,5.491569656,5.298430306,1.069317579,1.258189797,0.650784671,0.208715528,0.220125884,0.040903781,1.9470844269999998,126,44.016521000000004,21.005859,Happier Than Average,5.394999981000001,1.258189797,5.394999981000001,0.650784671,5.394999981000001,1.069317579,5.394999981000001,0.040903781,5.394999981000001,0.208715528,5.394999981000001,1.9470844269999998
73,73,Jordan,74,5.335999966,5.448410022000001,5.223589909,0.9910123940000001,1.239088893,0.604590058,0.418421149,0.17217046,0.11980327199999999,1.791176558,72,30.585164000000002,36.238414,Happier Than Average,5.335999966,1.239088893,5.335999966,0.604590058,5.335999966,0.9910123940000001,5.335999966,0.11980327199999999,5.335999966,0.418421149,5.335999966,1.791176558
74,74,Hungary,75,5.323999882,5.403039709,5.244960054,1.286011934,1.343133092,0.687763453,0.175863519,0.078401662,0.036636937,1.716459274,60,47.162494,19.5033041,Happier Than Average,5.323999882,1.343133092,5.323999882,0.687763453,5.323999882,1.286011934,5.323999882,0.036636937,5.323999882,0.175863519,5.323999882,1.716459274
75,75,Jamaica,76,5.31099987,5.581398728,5.040601012,0.9255793090000001,1.3682180640000001,0.641022384,0.474307239,0.233818337,0.055267780999999995,1.6123256680000002,70,18.109581,-77.297508,Happier Than Average,5.31099987,1.3682180640000001,5.31099987,0.641022384,5.31099987,0.9255793090000001,5.31099987,0.055267780999999995,5.31099987,0.474307239,5.31099987,1.6123256680000002
76,76,Croatia,77,5.293000221000001,5.391777205,5.194223238,1.222556233,0.9679830070000001,0.7012885209999999,0.255772293,0.248002976,0.04310311,1.854492426,36,45.1,15.200000099999999,Happier Than Average,5.293000221000001,0.9679830070000001,5.293000221000001,0.7012885209999999,5.293000221000001,1.222556233,5.293000221000001,0.04310311,5.293000221000001,0.255772293,5.293000221000001,1.854492426
77,77,Kosovo,78,5.278999805,5.364847995,5.193151615,0.9514843820000001,1.1378535029999999,0.54145205,0.260287941,0.319931448,0.057471617999999995,2.010540724,75,42.6026359,20.902977,Below Average Happiness,5.278999805,1.1378535029999999,5.278999805,0.54145205,5.278999805,0.9514843820000001,5.278999805,0.057471617999999995,5.278999805,0.260287941,5.278999805,2.010540724
78,78,China,79,5.2729997630000005,5.31927809,5.226721437,1.0811657909999999,1.160837412,0.741415501,0.472787708,0.028806841,0.022794275,1.7649385930000001,30,35.86166,104.195397,Below Average Happiness,5.2729997630000005,1.160837412,5.2729997630000005,0.741415501,5.2729997630000005,1.0811657909999999,5.2729997630000005,0.022794275,5.2729997630000005,0.472787708,5.2729997630000005,1.7649385930000001
79,79,Pakistan,80,5.269000053,5.359983641,5.178016465,0.7268835309999999,0.67269069,0.402047783,0.23521526199999998,0.31544601899999997,0.12434806699999999,2.79248929,111,30.375321000000003,69.345116,Below Average Happiness,5.269000053,0.67269069,5.269000053,0.402047783,5.269000053,0.7268835309999999,5.269000053,0.12434806699999999,5.269000053,0.23521526199999998,5.269000053,2.79248929
80,80,Indonesia,81,5.262000083999999,5.352888598,5.17111157,0.995538592,1.274444699,0.492345721,0.443323463,0.6117045879999999,0.015317135,1.429476976,63,-0.789275,113.921327,Below Average Happiness,5.262000083999999,1.274444699,5.262000083999999,0.492345721,5.262000083999999,0.995538592,5.262000083999999,0.015317135,5.262000083999999,0.443323463,5.262000083999999,1.429476976
81,81,Venezuela,82,5.25,5.370031946,5.129968054,1.128431201,1.431337595,0.617144227,0.153997123,0.06501963,0.064491123,1.7894637580000001,162,6.42375,-66.58973,Below Average Happiness,5.25,1.431337595,5.25,0.617144227,5.25,1.128431201,5.25,0.064491123,5.25,0.153997123,5.25,1.7894637580000001
82,82,Montenegro,83,5.236999989,5.341044441,5.132955537,1.121129036,1.238376498,0.667464674,0.194989055,0.197911024,0.088174194,1.729191542,97,42.708678000000006,19.37439,Below Average Happiness,5.236999989,1.238376498,5.236999989,0.667464674,5.236999989,1.121129036,5.236999989,0.088174194,5.236999989,0.194989055,5.236999989,1.729191542
83,83,Morocco,84,5.235000134,5.318340965,5.151659302,0.878114581,0.774864435,0.597710669,0.408158332,0.032209955,0.08776318300000001,2.456189394,98,31.791702,-7.09262,Below Average Happiness,5.235000134,0.774864435,5.235000134,0.597710669,5.235000134,0.878114581,5.235000134,0.08776318300000001,5.235000134,0.408158332,5.235000134,2.456189394
84,84,Azerbaijan,85,5.234000206,5.299286535,5.168713877,1.153601766,1.152400255,0.540775776,0.398155838,0.04526934,0.180987507,1.7624816890000001,9,40.143105,47.576927000000005,Below Average Happiness,5.234000206,1.152400255,5.234000206,0.540775776,5.234000206,1.153601766,5.234000206,0.180987507,5.234000206,0.398155838,5.234000206,1.7624816890000001
85,85,Dominican Republic,86,5.230000018999999,5.349060885,5.110939153,1.0793738370000001,1.402416706,0.574873745,0.552589834,0.18696785,0.11394525300000001,1.31946516,41,18.735692999999998,-70.162651,Below Average Happiness,5.230000018999999,1.402416706,5.230000018999999,0.574873745,5.230000018999999,1.0793738370000001,5.230000018999999,0.11394525300000001,5.230000018999999,0.552589834,5.230000018999999,1.31946516
86,86,Greece,87,5.2270002369999995,5.325246169,5.128754304,1.2894874809999999,1.239414573,0.810198903,0.09573125099999999,0.0,0.043289777,1.749221563,53,39.074208,21.824312,Below Average Happiness,5.2270002369999995,1.239414573,5.2270002369999995,0.810198903,5.2270002369999995,1.2894874809999999,5.2270002369999995,0.043289777,5.2270002369999995,0.09573125099999999,5.2270002369999995,1.749221563
87,87,Lebanon,88,5.224999905,5.318882288,5.131117521,1.0749875309999999,1.129624248,0.735081077,0.288515985,0.264450759,0.03751383,1.695073843,80,33.854721000000005,35.862285,Below Average Happiness,5.224999905,1.129624248,5.224999905,0.735081077,5.224999905,1.0749875309999999,5.224999905,0.03751383,5.224999905,0.288515985,5.224999905,1.695073843
88,88,Portugal,89,5.195000172,5.285041733,5.10495861,1.315175295,1.3670430180000002,0.7958435420000001,0.4984653,0.095102713,0.015869452,1.107682705,118,39.399871999999995,-8.224454,Below Average Happiness,5.195000172,1.3670430180000002,5.195000172,0.7958435420000001,5.195000172,1.315175295,5.195000172,0.015869452,5.195000172,0.4984653,5.195000172,1.107682705
89,89,Bosnia and Herzegovina,90,5.18200016,5.2763356869999996,5.087664633999999,0.9824094179999999,1.069335938,0.7051863070000001,0.204403177,0.328867495,0.0,1.892172575,18,43.915886,17.679076000000002,Below Average Happiness,5.18200016,1.069335938,5.18200016,0.7051863070000001,5.18200016,0.9824094179999999,5.18200016,0.0,5.18200016,0.204403177,5.18200016,1.892172575
90,90,Honduras,91,5.181000233,5.301582797,5.060417669,0.730573118,1.143944979,0.58256948,0.34807986,0.236188874,0.073345453,2.0658111569999997,57,15.199998999999998,-86.241905,Below Average Happiness,5.181000233,1.143944979,5.181000233,0.58256948,5.181000233,0.730573118,5.181000233,0.073345453,5.181000233,0.34807986,5.181000233,2.0658111569999997
91,91,Macedonia,92,5.1750001910000005,5.27217264,5.077827742,1.0645779370000001,1.2078930140000002,0.644948184,0.325905979,0.253760964,0.060277794,1.617469311,86,41.608635,21.745275,Below Average Happiness,5.1750001910000005,1.2078930140000002,5.1750001910000005,0.644948184,5.1750001910000005,1.0645779370000001,5.1750001910000005,0.060277794,5.1750001910000005,0.325905979,5.1750001910000005,1.617469311
92,92,Somalia,93,5.151000023,5.24248371,5.059516336000001,0.022643184,0.721151352,0.11398913699999999,0.602126956,0.291631311,0.282410324,3.11748457,131,5.152149,46.199616,Below Average Happiness,5.151000023,0.721151352,5.151000023,0.11398913699999999,5.151000023,0.022643184,5.151000023,0.282410324,5.151000023,0.602126956,5.151000023,3.11748457
93,93,Vietnam,94,5.073999882,5.147280765,5.000718999,0.788547575,1.277491331,0.652168989,0.571055591,0.234968051,0.08763323699999999,1.4623186590000001,163,14.058323999999999,108.277199,Below Average Happiness,5.073999882,1.277491331,5.073999882,0.652168989,5.073999882,0.788547575,5.073999882,0.08763323699999999,5.073999882,0.571055591,5.073999882,1.4623186590000001
94,94,Nigeria,95,5.073999882,5.209500135,4.938499628,0.783756256,1.215770483,0.05691573,0.394952565,0.23094719600000002,0.026121566000000002,2.365390539,107,9.081999,8.675277000000001,Below Average Happiness,5.073999882,1.215770483,5.073999882,0.05691573,5.073999882,0.783756256,5.073999882,0.026121566000000002,5.073999882,0.394952565,5.073999882,2.365390539
95,95,Tajikistan,96,5.040999889,5.111425596,4.970574183,0.524713635,1.271463275,0.529235125,0.47156670700000003,0.248997644,0.14637714599999999,1.84904933,147,38.861034000000004,71.276093,Below Average Happiness,5.040999889,1.271463275,5.040999889,0.529235125,5.040999889,0.524713635,5.040999889,0.14637714599999999,5.040999889,0.47156670700000003,5.040999889,1.84904933
96,96,Bhutan,97,5.011000156000001,5.079334562,4.942665751,0.8854163890000001,1.340126514,0.495879292,0.5015376810000001,0.474054545,0.17338039,1.140184402,16,27.514162,90.433601,Below Average Happiness,5.011000156000001,1.340126514,5.011000156000001,0.495879292,5.011000156000001,0.8854163890000001,5.011000156000001,0.17338039,5.011000156000001,0.5015376810000001,5.011000156000001,1.140184402
97,97,Kyrgyzstan,98,5.004000187,5.089919903,4.918080471000001,0.596220076,1.394238591,0.5534577970000001,0.454943389,0.428580374,0.039439179,1.5367231369999999,77,41.20438,74.766098,Below Average Happiness,5.004000187,1.394238591,5.004000187,0.5534577970000001,5.004000187,0.596220076,5.004000187,0.039439179,5.004000187,0.454943389,5.004000187,1.5367231369999999
98,98,Nepal,99,4.961999893,5.067356079,4.856643707,0.47982019200000003,1.179283261,0.504130781,0.44030594799999995,0.394096166,0.072975546,1.891241074,102,28.394857000000002,84.12400799999999,Below Average Happiness,4.961999893,1.179283261,4.961999893,0.504130781,4.961999893,0.47982019200000003,4.961999893,0.072975546,4.961999893,0.44030594799999995,4.961999893,1.891241074
99,99,Mongolia,100,4.954999924,5.021679509,4.888320338,1.0272358659999998,1.4930112359999999,0.557783484,0.394143969,0.33846423,0.032902289,1.111292362,96,46.862496,103.84665600000001,Below Average Happiness,4.954999924,1.4930112359999999,4.954999924,0.557783484,4.954999924,1.0272358659999998,4.954999924,0.032902289,4.954999924,0.394143969,4.954999924,1.111292362
100,100,South Africa,101,4.828999996,4.929435188,4.728564805,1.054698706,1.3847886319999998,0.18708007,0.479246736,0.13936238,0.072509497,1.5109086040000002,134,-30.559482,22.937506,Below Average Happiness,4.828999996,1.3847886319999998,4.828999996,0.18708007,4.828999996,1.054698706,4.828999996,0.072509497,4.828999996,0.479246736,4.828999996,1.5109086040000002
101,101,Tunisia,102,4.804999828,4.884367007,4.72563265,1.007265806,0.86835146,0.613212049,0.28968069,0.049693357,0.086723149,1.89025116,152,33.886917,9.537499,Below Average Happiness,4.804999828,0.86835146,4.804999828,0.613212049,4.804999828,1.007265806,4.804999828,0.086723149,4.804999828,0.28968069,4.804999828,1.89025116
102,102,Palestinian Territories,103,4.775000095,4.881848343,4.668151848,0.716249228,1.1556471590000001,0.565666974,0.254711062,0.114173174,0.08928260199999999,1.878890276,112,31.952162,35.233154,Below Average Happiness,4.775000095,1.1556471590000001,4.775000095,0.565666974,4.775000095,0.716249228,4.775000095,0.08928260199999999,4.775000095,0.254711062,4.775000095,1.878890276
103,103,Egypt,104,4.735000134,4.82513379,4.644866477,0.989701807,0.997471392,0.520187259,0.282110155,0.128631443,0.114381365,1.7021610740000002,43,26.820553000000004,30.802497999999996,Below Average Happiness,4.735000134,0.997471392,4.735000134,0.520187259,4.735000134,0.989701807,4.735000134,0.114381365,4.735000134,0.282110155,4.735000134,1.7021610740000002
104,104,Bulgaria,105,4.714000225,4.803694706,4.624305744,1.161459088,1.4343794580000002,0.70821768,0.289231718,0.11317769400000001,0.011051531000000002,0.996139288,21,42.733883,25.48583,Below Average Happiness,4.714000225,1.4343794580000002,4.714000225,0.70821768,4.714000225,1.161459088,4.714000225,0.011051531000000002,4.714000225,0.289231718,4.714000225,0.996139288
105,105,Sierra Leone,106,4.709000111,4.850643335,4.567356886000001,0.368420929,0.984136045,0.005564754,0.318697691,0.293040901,0.071095176,2.668459892,127,8.460555000000001,-11.779889,Below Average Happiness,4.709000111,0.984136045,4.709000111,0.005564754,4.709000111,0.368420929,4.709000111,0.071095176,4.709000111,0.318697691,4.709000111,2.668459892
106,106,Cameroon,107,4.695000172,4.796540857,4.593459486,0.564305365,0.946018219,0.132892117,0.43038874899999996,0.236298457,0.051306631,2.333645582,25,7.369722,12.354722,Below Average Happiness,4.695000172,0.946018219,4.695000172,0.132892117,4.695000172,0.564305365,4.695000172,0.051306631,4.695000172,0.43038874899999996,4.695000172,2.333645582
107,107,Iran,108,4.691999912,4.798224708,4.585775117,1.156873107,0.7115512490000001,0.639333189,0.249322608,0.38724291299999997,0.048761072999999995,1.4987349509999999,64,32.427908,53.68804599999999,Below Average Happiness,4.691999912,0.7115512490000001,4.691999912,0.639333189,4.691999912,1.156873107,4.691999912,0.048761072999999995,4.691999912,0.249322608,4.691999912,1.4987349509999999
108,108,Albania,109,4.644000053,4.752464006,4.5355361,0.996192753,0.803685248,0.7311597470000001,0.381498635,0.201312944,0.039864216,1.490441561,2,41.153332,20.168331,Below Average Happiness,4.644000053,0.803685248,4.644000053,0.7311597470000001,4.644000053,0.996192753,4.644000053,0.039864216,4.644000053,0.381498635,4.644000053,1.490441561
109,109,Bangladesh,110,4.607999802,4.6898216580000005,4.526177945,0.586682975,0.7351317409999999,0.533241034,0.47835665899999996,0.172255352,0.123717859,1.978736162,11,23.684994,90.35633100000001,Below Average Happiness,4.607999802,0.7351317409999999,4.607999802,0.533241034,4.607999802,0.586682975,4.607999802,0.123717859,4.607999802,0.47835665899999996,4.607999802,1.978736162
110,110,Namibia,111,4.573999882,4.770354741,4.377645023,0.9644343259999999,1.098470807,0.33861181100000004,0.520303547,0.077133745,0.093146972,1.481890202,101,-22.957639999999998,18.49041,Below Average Happiness,4.573999882,1.098470807,4.573999882,0.33861181100000004,4.573999882,0.9644343259999999,4.573999882,0.093146972,4.573999882,0.520303547,4.573999882,1.481890202
111,111,Kenya,112,4.552999973,4.655691591,4.450308356,0.560479462,1.0679507259999999,0.30998835,0.452763766,0.444860309,0.064641319,1.651902199,74,-0.023559,37.906193,Below Average Happiness,4.552999973,1.0679507259999999,4.552999973,0.30998835,4.552999973,0.560479462,4.552999973,0.064641319,4.552999973,0.452763766,4.552999973,1.651902199
112,112,Mozambique,113,4.5500001910000005,4.774102326,4.325898055,0.23430565,0.870701015,0.106654435,0.48079109200000003,0.32222810399999996,0.179436386,2.355650902,99,-18.665695,35.529562,Below Average Happiness,4.5500001910000005,0.870701015,4.5500001910000005,0.106654435,4.5500001910000005,0.23430565,4.5500001910000005,0.179436386,4.5500001910000005,0.48079109200000003,4.5500001910000005,2.355650902
113,113,Myanmar,114,4.545000076,4.614739946,4.475260206000001,0.36711055,1.123235941,0.397522569,0.514492035,0.8380751609999999,0.188816205,1.115290403,100,21.916221,95.955974,Below Average Happiness,4.545000076,1.123235941,4.545000076,0.397522569,4.545000076,0.36711055,4.545000076,0.188816205,4.545000076,0.514492035,4.545000076,1.115290403
114,114,Senegal,115,4.534999847,4.601603781000001,4.468395913999999,0.47930902200000003,1.179691911,0.40936285299999997,0.37792226700000003,0.183468893,0.11546044800000001,1.789646149,125,14.497401000000002,-14.452361999999999,Below Average Happiness,4.534999847,1.179691911,4.534999847,0.40936285299999997,4.534999847,0.47930902200000003,4.534999847,0.11546044800000001,4.534999847,0.37792226700000003,4.534999847,1.789646149
115,115,Zambia,116,4.513999939,4.644105501,4.383894376000001,0.636406779,1.0031872990000001,0.257835895,0.461603492,0.249580145,0.07821355,1.826705456,165,-13.133897,27.849332,Below Average Happiness,4.513999939,1.0031872990000001,4.513999939,0.257835895,4.513999939,0.636406779,4.513999939,0.07821355,4.513999939,0.461603492,4.513999939,1.826705456
116,116,Iraq,117,4.497000217,4.62259141,4.371409025,1.102710485,0.978613198,0.50118047,0.28855553300000003,0.19963726399999998,0.107215755,1.3189072609999999,65,33.223191,43.679291,Below Average Happiness,4.497000217,0.978613198,4.497000217,0.50118047,4.497000217,1.102710485,4.497000217,0.107215755,4.497000217,0.28855553300000003,4.497000217,1.3189072609999999
117,117,Gabon,118,4.465000153,4.5573617660000005,4.37263854,1.198210239,1.155620217,0.356578588,0.312328577,0.043785378,0.076046787,1.322916269,49,-0.803689,11.609444,Below Average Happiness,4.465000153,1.155620217,4.465000153,0.356578588,4.465000153,1.198210239,4.465000153,0.076046787,4.465000153,0.312328577,4.465000153,1.322916269
118,118,Ethiopia,119,4.460000038,4.5427286769999995,4.377271400000001,0.339233845,0.864669204,0.353409708,0.40884274200000004,0.31265074,0.165455714,2.015743732,46,9.145,40.489672999999996,Below Average Happiness,4.460000038,0.864669204,4.460000038,0.353409708,4.460000038,0.339233845,4.460000038,0.165455714,4.460000038,0.40884274200000004,4.460000038,2.015743732
119,119,Sri Lanka,120,4.440000057,4.553447192,4.326552922,1.009850144,1.259976387,0.6251308320000001,0.561213255,0.49086356200000003,0.073653966,0.419389248,138,7.873054,80.77179699999999,Below Average Happiness,4.440000057,1.259976387,4.440000057,0.6251308320000001,4.440000057,1.009850144,4.440000057,0.073653966,4.440000057,0.561213255,4.440000057,0.419389248
120,120,Armenia,121,4.375999928,4.466734612,4.2852652430000004,0.900596738,1.0074837209999998,0.637524426,0.198303267,0.083488092,0.026674422000000003,1.5214991569999998,6,40.069099,45.038189,Below Average Happiness,4.375999928,1.0074837209999998,4.375999928,0.637524426,4.375999928,0.900596738,4.375999928,0.026674422000000003,4.375999928,0.198303267,4.375999928,1.5214991569999998
121,121,India,122,4.315000057,4.371522017,4.258478097,0.7922212479999999,0.754372597,0.455427617,0.469987005,0.231538489,0.092226885,1.519117117,62,20.593684,78.96288,Below Average Happiness,4.315000057,0.754372597,4.315000057,0.455427617,4.315000057,0.7922212479999999,4.315000057,0.092226885,4.315000057,0.469987005,4.315000057,1.519117117
122,122,Mauritania,123,4.291999817,4.377163616,4.206836018,0.648457289,1.27203083,0.28534928,0.09609804300000001,0.20187002399999998,0.136957005,1.651637316,92,21.00789,-10.940835,Below Average Happiness,4.291999817,1.27203083,4.291999817,0.28534928,4.291999817,0.648457289,4.291999817,0.136957005,4.291999817,0.09609804300000001,4.291999817,1.651637316
123,123,Congo (Brazzaville),124,4.290999889,4.410053505,4.171946274,0.808964252,0.832044363,0.28995743399999996,0.435025871,0.120852128,0.07961813400000001,1.7241356369999998,33,-0.228021,15.827658999999999,Below Average Happiness,4.290999889,0.832044363,4.290999889,0.28995743399999996,4.290999889,0.808964252,4.290999889,0.07961813400000001,4.290999889,0.435025871,4.290999889,1.7241356369999998
124,124,Georgia,125,4.285999775,4.374933966,4.197065584,0.9506126640000001,0.570614934,0.649546981,0.309410036,0.054008815,0.251666635,1.500137806,50,32.1656221,-82.9000751,Below Average Happiness,4.285999775,0.570614934,4.285999775,0.649546981,4.285999775,0.9506126640000001,4.285999775,0.251666635,4.285999775,0.309410036,4.285999775,1.500137806
125,125,Congo (Kinshasa),126,4.28000021,4.357810833,4.2021895869999994,0.092102349,1.229023457,0.191407025,0.23596134800000002,0.246455833,0.060241355999999996,2.2249586580000003,34,-4.038333000000001,21.758664000000003,Below Average Happiness,4.28000021,1.229023457,4.28000021,0.191407025,4.28000021,0.092102349,4.28000021,0.060241355999999996,4.28000021,0.23596134800000002,4.28000021,2.2249586580000003
126,126,Mali,127,4.190000057,4.269670711,4.110329403,0.476180494,1.281473398,0.169365674,0.306613743,0.183354199,0.10497024699999999,1.668190956,90,17.570692,-3.9961660000000006,Below Average Happiness,4.190000057,1.281473398,4.190000057,0.169365674,4.190000057,0.476180494,4.190000057,0.10497024699999999,4.190000057,0.306613743,4.190000057,1.668190956
127,127,Ivory Coast,128,4.179999828,4.275182563,4.084817093,0.603048921,0.90478003,0.04864217,0.447706193,0.20123747,0.130061775,1.8449642659999999,69,7.539989,-5.54708,Below Average Happiness,4.179999828,0.90478003,4.179999828,0.04864217,4.179999828,0.603048921,4.179999828,0.130061775,4.179999828,0.447706193,4.179999828,1.8449642659999999
128,128,Cambodia,129,4.168000221000001,4.278517814,4.057482629,0.601765096,1.006238341,0.429783404,0.633375823,0.385922968,0.068105951,1.042941093,24,12.565679,104.990963,Below Average Happiness,4.168000221000001,1.006238341,4.168000221000001,0.429783404,4.168000221000001,0.601765096,4.168000221000001,0.068105951,4.168000221000001,0.633375823,4.168000221000001,1.042941093
129,129,Sudan,130,4.138999939,4.345747165,3.932252713,0.6595166920000001,1.21400857,0.29092082399999997,0.014995855,0.18231745100000002,0.08984752,1.68706584,139,12.862807,30.217636,Below Average Happiness,4.138999939,1.21400857,4.138999939,0.29092082399999997,4.138999939,0.6595166920000001,4.138999939,0.08984752,4.138999939,0.014995855,4.138999939,1.68706584
130,130,Ghana,131,4.1199998860000004,4.222707209,4.017292563,0.6672248239999999,0.873664737,0.295637727,0.42302629399999997,0.25692394399999996,0.02533637,1.5778675080000002,52,7.946527000000001,-1.0231940000000002,Below Average Happiness,4.1199998860000004,0.873664737,4.1199998860000004,0.295637727,4.1199998860000004,0.6672248239999999,4.1199998860000004,0.02533637,4.1199998860000004,0.42302629399999997,4.1199998860000004,1.5778675080000002
131,131,Ukraine,132,4.096000195,4.185410105,4.006590285,0.8946519490000001,1.394537568,0.575903952,0.122974776,0.270061463,0.023029471,0.814382315,156,48.379433,31.1655799,Below Average Happiness,4.096000195,1.394537568,4.096000195,0.575903952,4.096000195,0.8946519490000001,4.096000195,0.023029471,4.096000195,0.122974776,4.096000195,0.814382315
132,132,Uganda,133,4.0809998510000005,4.195799967,3.966199735,0.381430715,1.129827738,0.217632607,0.443185955,0.325766057,0.057069719000000005,1.526362658,155,1.373333,32.290275,Below Average Happiness,4.0809998510000005,1.129827738,4.0809998510000005,0.217632607,4.0809998510000005,0.381430715,4.0809998510000005,0.057069719000000005,4.0809998510000005,0.443185955,4.0809998510000005,1.526362658
133,133,Burkina Faso,134,4.032000065,4.124059064,3.939941065,0.35022771399999997,1.043280005,0.21584425899999998,0.32436785100000004,0.250864685,0.12032810599999999,1.7272129059999999,22,12.238333,-1.561593,Below Average Happiness,4.032000065,1.043280005,4.032000065,0.21584425899999998,4.032000065,0.35022771399999997,4.032000065,0.12032810599999999,4.032000065,0.32436785100000004,4.032000065,1.7272129059999999
134,134,Niger,135,4.027999878,4.11194682,3.9440529360000003,0.161925331,0.993025005,0.268505007,0.363658696,0.22867384600000001,0.138572946,1.8739833830000001,106,17.607789,8.081666,Below Average Happiness,4.027999878,0.993025005,4.027999878,0.268505007,4.027999878,0.161925331,4.027999878,0.138572946,4.027999878,0.363658696,4.027999878,1.8739833830000001
135,135,Malawi,136,3.970000029,4.077478817,3.86252124,0.23344203800000002,0.5125688310000001,0.315089583,0.466914654,0.28717047,0.072711654,2.0817861559999997,88,-13.254307999999998,34.301525,Below Average Happiness,3.970000029,0.5125688310000001,3.970000029,0.315089583,3.970000029,0.23344203800000002,3.970000029,0.072711654,3.970000029,0.466914654,3.970000029,2.0817861559999997
136,136,Chad,137,3.9360001089999996,4.0347115239999995,3.837288693,0.438012987,0.953855872,0.041134715,0.162342027,0.21611385,0.053581882000000004,2.071238041,28,15.454166,18.732207,Below Average Happiness,3.9360001089999996,0.953855872,3.9360001089999996,0.041134715,3.9360001089999996,0.438012987,3.9360001089999996,0.053581882000000004,3.9360001089999996,0.162342027,3.9360001089999996,2.071238041
137,137,Zimbabwe,138,3.875,3.978699643,3.771300357,0.375846535,1.083095908,0.19676375399999999,0.33638420700000005,0.189143494,0.095375381,1.597970247,166,-19.015438,29.154857,Below Average Happiness,3.875,1.083095908,3.875,0.19676375399999999,3.875,0.375846535,3.875,0.095375381,3.875,0.33638420700000005,3.875,1.597970247
138,138,Lesotho,139,3.808000088,4.044343975,3.5716562000000005,0.5210212470000001,1.190095186,0.0,0.39066129899999996,0.157497272,0.11909464,1.42983532,81,-29.609988,28.233608,Below Average Happiness,3.808000088,1.190095186,3.808000088,0.0,3.808000088,0.5210212470000001,3.808000088,0.11909464,3.808000088,0.39066129899999996,3.808000088,1.42983532
139,139,Angola,140,3.7950000760000004,3.951641935,3.638358217,0.85842818,1.10441196,0.049868666,0.0,0.09792649,0.069720335,1.614482403,4,-11.202691999999999,17.873887,Below Average Happiness,3.7950000760000004,1.10441196,3.7950000760000004,0.049868666,3.7950000760000004,0.85842818,3.7950000760000004,0.069720335,3.7950000760000004,0.0,3.7950000760000004,1.614482403
140,140,Afghanistan,141,3.79399991,3.873661415,3.714338405,0.40147721799999997,0.581543326,0.180746779,0.10617952,0.311870933,0.06115783,2.150801182,1,33.93911,67.709953,Below Average Happiness,3.79399991,0.581543326,3.79399991,0.180746779,3.79399991,0.40147721799999997,3.79399991,0.06115783,3.79399991,0.10617952,3.79399991,2.150801182
141,141,Botswana,142,3.766000032,3.8741226660000003,3.6578773989999998,1.122094154,1.221554995,0.34175550899999996,0.505196333,0.099348448,0.09858319900000001,0.377913713,19,-22.328474,24.684866,Below Average Happiness,3.766000032,1.221554995,3.766000032,0.34175550899999996,3.766000032,1.122094154,3.766000032,0.09858319900000001,3.766000032,0.505196333,3.766000032,0.377913713
142,142,Benin,143,3.657000065,3.745783551,3.568216578,0.43108540799999995,0.435299844,0.209930211,0.425962776,0.207948461,0.060929015,1.885630965,15,9.30769,2.315834,Below Average Happiness,3.657000065,0.435299844,3.657000065,0.209930211,3.657000065,0.43108540799999995,3.657000065,0.060929015,3.657000065,0.425962776,3.657000065,1.885630965
143,143,Madagascar,144,3.644000053,3.714319106,3.573681001,0.305808693,0.9130203720000001,0.375223309,0.189196765,0.20873253,0.067231975,1.584612608,87,-18.766947000000002,46.869107,Below Average Happiness,3.644000053,0.9130203720000001,3.644000053,0.375223309,3.644000053,0.305808693,3.644000053,0.067231975,3.644000053,0.189196765,3.644000053,1.584612608
144,144,Haiti,145,3.6029999260000003,3.734714798,3.471285053,0.368610263,0.640449822,0.27732113,0.030369857000000004,0.489203781,0.09987215,1.697167635,56,18.971187,-72.28521500000001,Below Average Happiness,3.6029999260000003,0.640449822,3.6029999260000003,0.27732113,3.6029999260000003,0.368610263,3.6029999260000003,0.09987215,3.6029999260000003,0.030369857000000004,3.6029999260000003,1.697167635
145,145,Yemen,146,3.592999935,3.69275032,3.49324955,0.5916834470000001,0.9353822470000001,0.31008091600000004,0.249463722,0.10412520900000001,0.056767423,1.345600605,164,15.552726999999999,48.516388,Below Average Happiness,3.592999935,0.9353822470000001,3.592999935,0.31008091600000004,3.592999935,0.5916834470000001,3.592999935,0.056767423,3.592999935,0.249463722,3.592999935,1.345600605
146,146,South Sudan,147,3.59100008,3.7255385860000003,3.456461574,0.397248626,0.601323128,0.163486004,0.147062436,0.28567081699999997,0.116793513,1.879567385,136,6.876991900000001,31.3069788,Below Average Happiness,3.59100008,0.601323128,3.59100008,0.163486004,3.59100008,0.397248626,3.59100008,0.116793513,3.59100008,0.147062436,3.59100008,1.879567385
147,147,Liberia,148,3.5329999919999997,3.6537562610000003,3.4122437239999996,0.119041793,0.8721179370000001,0.229918197,0.332881182,0.266549885,0.038948249,1.673285961,82,6.4280550000000005,-9.429499,Below Average Happiness,3.5329999919999997,0.8721179370000001,3.5329999919999997,0.229918197,3.5329999919999997,0.119041793,3.5329999919999997,0.038948249,3.5329999919999997,0.332881182,3.5329999919999997,1.673285961
148,148,Guinea,149,3.5069999689999998,3.584428129,3.42957181,0.24454993,0.791244686,0.19412913899999998,0.34858751299999996,0.264815092,0.110937618,1.5523118969999998,55,9.945587,-9.696645,Below Average Happiness,3.5069999689999998,0.791244686,3.5069999689999998,0.19412913899999998,3.5069999689999998,0.24454993,3.5069999689999998,0.110937618,3.5069999689999998,0.34858751299999996,3.5069999689999998,1.5523118969999998
149,149,Togo,150,3.4949998860000004,3.594038112,3.3959616589999997,0.305444717,0.43188253,0.247105569,0.380426139,0.19689615100000002,0.095665015,1.837229252,150,8.619543,0.824782,Below Average Happiness,3.4949998860000004,0.43188253,3.4949998860000004,0.247105569,3.4949998860000004,0.305444717,3.4949998860000004,0.095665015,3.4949998860000004,0.380426139,3.4949998860000004,1.837229252
150,150,Rwanda,151,3.4709999560000004,3.5430302339999997,3.398969679,0.368745893,0.945707023,0.326424807,0.581843853,0.252756029,0.455220014,0.540061235,123,-1.940278,29.873888,Below Average Happiness,3.4709999560000004,0.945707023,3.4709999560000004,0.326424807,3.4709999560000004,0.368745893,3.4709999560000004,0.455220014,3.4709999560000004,0.581843853,3.4709999560000004,0.540061235
151,151,Syria,152,3.461999893,3.663668557,3.26033123,0.7771531340000001,0.39610260700000005,0.500533342,0.081539445,0.49366372799999997,0.151347131,1.061573505,144,34.802075,38.996815000000005,Below Average Happiness,3.461999893,0.39610260700000005,3.461999893,0.500533342,3.461999893,0.7771531340000001,3.461999893,0.151347131,3.461999893,0.081539445,3.461999893,1.061573505
152,152,Tanzania,153,3.348999977,3.461429755,3.236570199,0.511135876,1.0419898029999999,0.364509284,0.390017778,0.35425636200000005,0.066035107,0.621130466,148,-6.369028,34.888822,Below Average Happiness,3.348999977,1.0419898029999999,3.348999977,0.364509284,3.348999977,0.511135876,3.348999977,0.066035107,3.348999977,0.390017778,3.348999977,0.621130466
153,153,Burundi,154,2.904999971,3.074690333,2.73530961,0.091622569,0.629793584,0.151610792,0.059900753,0.204435185,0.084147945,1.6830241680000002,23,-3.3730559999999996,29.918885999999997,Below Average Happiness,2.904999971,0.629793584,2.904999971,0.151610792,2.904999971,0.091622569,2.904999971,0.084147945,2.904999971,0.059900753,2.904999971,1.6830241680000002
154,154,Central African Republic,155,2.6930000780000003,2.8648842689999996,2.5211158869999997,0.0,0.0,0.018772686,0.270842046,0.280876487,0.056565076,2.066004753,27,6.611111,20.939444,Below Average Happiness,2.6930000780000003,0.0,2.6930000780000003,0.018772686,2.6930000780000003,0.0,2.6930000780000003,0.056565076,2.6930000780000003,0.270842046,2.6930000780000003,2.066004753
